{
  "feature_means": [
    1.0,
    0.5128315026263969,
    0.7800749099794239,
    0.34701792930418485,
    4.477120306069959,
    2.546172518004115,
    13.506328768004115,
    1.767653677983539,
    8.727629886831275,
    0.534619341563786,
    1.5508359053497942,
    0.42192965534979426,
    0.5,
    0.11268486368312758,
    0.22439396862139918,
    0.18400977015409412,
    2.151982060185185,
    0.6373877421979117,
    3.6325360082304528,
    -0.3601176697530864,
    26.725634966563785,
    1.103467399691358,
    0.6296296296296297,
    0.2777777777777778,
    0.09259259259259259,
    0.17342624742798354,
    0.35185185185185186,
    3.992653677983539,
    27.829102366255142
  ],
  "feature_names": [
    "bias",
    "card_value_pct",
    "target_row_exists",
    "target_row_end_pct",
    "row_score",
    "row_len",
    "gap",
    "open_slots_before_take",
    "intervening_count",
    "low_reset_cost",
    "played_card_score",
    "dangerous_row",
    "hand_rank_pct",
    "run_middle_flag",
    "outlier_flag",
    "score_pressure",
    "immediate_penalty",
    "take_risk",
    "safe_after",
    "safe_gain",
    "danger_after",
    "danger_drop",
    "phase_early",
    "phase_mid",
    "phase_late",
    "trailing_flag",
    "opening_round_flag",
    "baseline_safe_future_count",
    "baseline_board_danger"
  ],
  "feature_scales": [
    1.0,
    0.29115045081643354,
    0.41419566004606,
    0.2883670831318955,
    3.5695404479209984,
    1.5326111395797921,
    14.24992504380424,
    1.6800146088066812,
    11.78005693311777,
    1.3001961248675888,
    1.1794441700390919,
    0.4938674126575533,
    0.34618274741962,
    0.31620718711093326,
    0.4171825924788065,
    0.3599780801218604,
    3.740954423023456,
    0.36433213708669093,
    2.9141348885900626,
    1.947408339376224,
    13.91837501984867,
    6.860229564652916,
    0.48290388186789385,
    0.44790320823635543,
    0.28986066374908875,
    0.3786153511560499,
    0.47754803549024427,
    3.4080496829820457,
    15.533170459816645
  ],
  "training_summary": {
    "best_epoch": 4997,
    "epochs": 5000,
    "l2": 0.0001,
    "learning_rate": 0.01,
    "num_candidates": 622080,
    "num_decisions": 103680,
    "teacher_labels": [
      "AZL",
      "CFR",
      "HFB",
      "HSP",
      "LPRA"
    ],
    "total_example_weight": 53653.69285714286,
    "train_accuracy": 0.6994247633334244,
    "train_loss": 0.8542059446393864
  },
  "weights": [
    0.0,
    0.17573161593576372,
    0.11747378964647304,
    0.041609933427986606,
    -0.26163342477450563,
    -0.1223940265484775,
    -0.5243736952456164,
    0.14204253402680236,
    -1.5131220233188536,
    -0.10937080030639416,
    0.0376610982513816,
    -0.1436315137179615,
    -0.1304321195130004,
    -0.1585941242492341,
    0.23026647102127193,
    -1.850322246158088e-21,
    -1.108173631371054,
    -1.3997602370010735,
    -0.00013308519745554314,
    -0.000199150948066157,
    0.3789214385312277,
    -0.7687746648759581,
    -4.828295007561203e-19,
    4.512416340903359e-19,
    4.464543464622163e-19,
    -2.0903862663537014e-19,
    -4.34723389077763e-19,
    -4.660625211352766e-19,
    4.262141721448464e-19
  ]
}
